recipeItemId	itemName	sourceKind	npcName	zone	x	y	faction
276984	Plans: Azure Skyforged Helm	vendor	Archmage Alvareaux	The Silver Enclave, City of Dalaran	14.0	63.1	alliance
276985	Plans: Azure Skyforged Pauldrons	vendor	Archmage Alvareaux	The Silver Enclave, City of Dalaran	14.0	63.1	alliance
276986	Pattern: Azure Gustwoven Hood	vendor	Archmage Alvareaux	The Silver Enclave, City of Dalaran	14.0	63.1	alliance
276987	Pattern: Azure Gustwoven Spaulders	vendor	Archmage Alvareaux	The Silver Enclave, City of Dalaran	14.0	63.1	alliance
276988	Pattern: Azure Windraveled Cover	vendor	Archmage Alvareaux	The Silver Enclave, City of Dalaran	14.0	63.1	alliance
276989	Pattern: Azure Windraveled Drapes	vendor	Archmage Alvareaux	The Silver Enclave, City of Dalaran	14.0	63.1	alliance
276990	Pattern: Azure Stormsewn Cowl	vendor	Archmage Alvareaux	The Silver Enclave, City of Dalaran	14.0	63.1	alliance
276991	Pattern: Azure Stormsewn Epaulets	vendor	Archmage Alvareaux	The Silver Enclave, City of Dalaran	14.0	63.1	alliance
285327	Kirin Tor Tabard	vendor	Archmage Alvareaux	The Silver Enclave, City of Dalaran	14.0	63.1	alliance
